<?xml version="1.0" encoding="UTF-8"?>
<beans xmlns="http://www.springframework.org/schema/beans"
	xmlns:xsi="http://www.w3.org/2001/XMLSchema-instance"
	xsi:schemaLocation="http://www.springframework.org/schema/beans https://www.springframework.org/schema/beans/spring-beans.xsd">
	
	<!-- Root Context: defines shared resources visible to all other web components -->
		
		
	<!-- Connection Pool 등록 -->
	<bean id="dataSource"
		class="org.springframework.jdbc.datasource.DriverManagerDataSource">
		<property name="driverClassName" 
			value="oracle.jdbc.driver.OracleDriver"/>	
		<property name="url" 
			value="jdbc:oracle:thin:@localhost:1521:xe"/>
		<property name="username" value="SPRING_STUDENT"/>
		<property name="password" value="1234"/>
	</bean>
	
	<!-- 커넥션풀로 설정파일 읽는 빈 등록 -->
	<bean id="sqlSessionFactory"
		class="org.mybatis.spring.SqlSessionFactoryBean">
		<property name="dataSource" ref="dataSource"/> <!-- ref="커넥션풀 아이디" -->
		<property name="configLocation" value="classpath:mybatis-config.xml"/>
		<property name="mapperLocations" 
			value="classpath:mappers/*mapper.xml"/>
	</bean>
	
	<!-- try~catch 할 빈 등록 -->
	<bean id="sqlSessionTemplate"
		class="org.mybatis.spring.SqlSessionTemplate"
		destroy-method="clearCache">
		<constructor-arg name="sqlSessionFactory" ref="sqlSessionFactory"/>	
	</bean>	
</beans>
