<?xml version="1.0" encoding="UTF-8"?>
<!DOCTYPE mapper
  PUBLIC "-//mybatis.org//DTD Mapper 3.0//EN"
  "https://mybatis.org/dtd/mybatis-3-mapper.dtd">
  
<mapper namespace="mymapper">

	<insert id="insert">
		insert into tbl_student
		values (#{sno}, #{sname}, #{syear}, #{gender}, #{major}, #{score})
	</insert>

	<select id="selectAll" resultType="StudentVo">
		select * from tbl_student
		order by sno
	</select>
	
	<select id="selectOne" resultType="StudentVo">
		select * from tbl_student
		where sno = #{sno}
	</select>
	
	<update id="update">
		update tbl_student
		set sname = #{sname},
			syear = #{syear},
			gender = #{gender},
			major = #{major},
			score = #{score}
		where sno = #{sno}
	</update>
	
	<delete id="delete">
		delete from tbl_student
		where sno = #{sno}
	</delete>
</mapper>